benchmark,loop1_id,loop2_id,loop1_trip_count_known,loop1_trip_count,loop1_num_instructions,loop1_num_loads,loop1_num_stores,loop1_num_forward_contiguous_loads,loop1_num_forward_contiguous_stores,loop1_num_integer_ops,loop1_num_float_ops,loop1_num_branches,loop1_num_calls,loop1_memory_op_ratio,loop1_contiguous_memory_ops,loop2_trip_count_known,loop2_trip_count,loop2_num_instructions,loop2_num_loads,loop2_num_stores,loop2_num_forward_contiguous_loads,loop2_num_forward_contiguous_stores,loop2_num_integer_ops,loop2_num_float_ops,loop2_num_branches,loop2_num_calls,loop2_memory_op_ratio,loop2_contiguous_memory_ops,loops_adjacent,trip_count_equal,trip_count_ratio,shared_memory_objects,loop1_stores_read_by_loop2,loop2_stores_read_by_loop1,combined_memory_ops,fusion_score,label,prediction,prediction_label,profitable_probability
2mm,11,14,1,900.0,67.0,25.0,7.0,0.0,0.0,3.0,1.0,11.0,1.0,0.4776119,0.0,1,800.0,41.0,15.0,3.0,0.0,0.0,5.0,0.0,9.0,2.0,0.4390244,0.0,0,0,1.125,1,1,1,50,1.0,0,0,unprofitable,0.02
jacobi-2d,6,7,1,1300.0,67.0,26.0,2.0,0.0,0.0,6.0,5.0,3.0,0.0,0.4179104,0.0,1,1300.0,41.0,15.0,3.0,0.0,0.0,5.0,0.0,9.0,2.0,0.4390244,0.0,1,1,1.0,1,1,1,46,7.0,1,1,profitable,0.98
gemm,6,10,1,1000.0,81.0,30.0,9.0,0.0,0.0,4.0,2.0,15.0,1.0,0.4814815,0.0,1,1000.0,41.0,15.0,3.0,0.0,0.0,5.0,0.0,9.0,2.0,0.4390244,0.0,0,1,1.0,1,1,1,57,3.0,1,1,profitable,0.9766666666666667
gemm,1,9,1,1100.0,27.0,10.0,2.0,1.0,1.0,4.0,1.0,3.0,0.0,0.4444444,2.0,1,1100.0,37.0,16.0,2.0,0.0,0.0,1.0,1.0,3.0,1.0,0.4864865,0.0,0,1,1.0,1,1,1,30,4.2,1,1,profitable,0.9966666666666667
2mm,9,15,1,1200.0,57.0,23.0,5.0,0.0,0.0,2.0,1.0,7.0,1.0,0.4912281,0.0,1,1200.0,30.0,12.0,1.0,0.0,0.0,4.0,0.0,5.0,2.0,0.4333333,0.0,0,1,1.0,1,1,1,41,3.0,1,1,profitable,0.94
2mm,3,7,1,800.0,28.0,10.0,2.0,0.0,0.0,5.0,1.0,3.0,0.0,0.4285714,0.0,1,1200.0,27.0,10.0,2.0,0.0,0.0,4.0,1.0,3.0,0.0,0.4444444,0.0,0,0,0.6666666666666666,1,1,1,24,0.0,0,0,unprofitable,0.05333333333333334
3mm,1,17,1,1100.0,29.0,10.0,2.0,0.0,0.0,6.0,1.0,3.0,0.0,0.4137931,0.0,1,800.0,41.0,15.0,3.0,0.0,0.0,5.0,0.0,9.0,2.0,0.4390244,0.0,0,0,1.375,1,1,1,30,-1.0,0,0,unprofitable,0.016666666666666666
jacobi-2d,0,4,1,500.0,54.0,18.0,5.0,0.0,0.0,4.0,2.0,7.0,2.0,0.4259259,0.0,1,1298.0,67.0,26.0,2.0,5.0,1.0,6.0,5.0,3.0,0.0,0.4179104,6.0,0,0,0.3852080123266564,1,1,1,51,-0.6470588235294117,0,0,unprofitable,0.05
atax,4,5,1,2100.0,33.0,15.0,2.0,0.0,0.0,1.0,0.0,3.0,1.0,0.5151515,0.0,1,2100.0,33.0,15.0,2.0,0.0,0.0,1.0,0.0,3.0,1.0,0.5151515,0.0,1,1,1.0,1,1,1,34,7.0,1,1,profitable,0.9866666666666667
2mm,4,8,1,900.0,38.0,13.0,4.0,0.0,0.0,5.0,1.0,7.0,0.0,0.4473684,0.0,1,900.0,68.0,26.0,7.0,0.0,0.0,3.0,1.0,11.0,1.0,0.4852941,0.0,0,1,1.0,1,1,1,50,3.0,1,1,profitable,0.97
jacobi-2d,0,8,1,500.0,54.0,18.0,5.0,0.0,0.0,4.0,2.0,7.0,2.0,0.4259259,0.0,1,1300.0,30.0,12.0,1.0,0.0,0.0,4.0,0.0,5.0,2.0,0.4333333,0.0,0,0,0.3846153846153846,1,1,1,36,-1.0,0,0,unprofitable,0.023333333333333334
3mm,15,18,1,800.0,54.0,21.0,5.0,0.0,0.0,2.0,0.0,7.0,1.0,0.4814815,0.0,1,1100.0,30.0,12.0,1.0,0.0,0.0,4.0,0.0,5.0,2.0,0.4333333,0.0,0,0,0.7272727272727273,1,1,1,39,-1.0,0,0,unprofitable,0.03333333333333333
3mm,6,12,1,800.0,39.0,13.0,4.0,0.0,0.0,6.0,1.0,7.0,0.0,0.4358974,0.0,1,1200.0,54.0,21.0,5.0,0.0,0.0,2.0,0.0,7.0,1.0,0.4814815,0.0,0,0,0.6666666666666666,1,1,1,43,-1.0,0,0,unprofitable,0.0
3mm,4,17,1,1100.0,40.0,13.0,4.0,0.0,0.0,7.0,1.0,7.0,0.0,0.425,0.0,1,800.0,41.0,15.0,3.0,0.0,0.0,5.0,0.0,9.0,2.0,0.4390244,0.0,0,0,1.375,1,1,1,35,-1.0,0,0,unprofitable,0.013333333333333334
gemm,5,9,1,1100.0,27.0,10.0,2.0,0.0,0.0,4.0,1.0,3.0,0.0,0.4444444,0.0,1,1100.0,37.0,16.0,2.0,0.0,0.0,1.0,1.0,3.0,1.0,0.4864865,0.0,0,1,1.0,1,1,1,30,4.0,1,1,profitable,0.96
3mm,10,17,1,1100.0,35.0,15.0,2.0,0.0,0.0,1.0,0.0,3.0,1.0,0.4857143,0.0,1,800.0,41.0,15.0,3.0,0.0,0.0,5.0,0.0,9.0,2.0,0.4390244,0.0,0,0,1.375,1,1,1,35,-1.0,0,0,unprofitable,0.01
jacobi-2d,0,5,1,500.0,54.0,18.0,5.0,0.0,0.0,4.0,2.0,7.0,2.0,0.4259259,0.0,1,1300.0,79.0,29.0,4.0,0.0,0.0,8.0,5.0,7.0,0.0,0.4177215,0.0,0,0,0.3846153846153846,1,1,1,56,-1.0,0,0,unprofitable,0.01
3mm,4,5,1,1100.0,40.0,13.0,4.0,0.0,0.0,7.0,1.0,7.0,0.0,0.425,0.0,1,1200.0,29.0,10.0,2.0,1.0,1.0,6.0,1.0,3.0,0.0,0.4137931,2.0,1,0,0.9166666666666666,1,1,1,29,5.206896551724139,1,1,profitable,0.9333333333333333
jacobi-2d,3,6,1,1298.0,79.0,29.0,4.0,0.0,0.0,8.0,5.0,7.0,0.0,0.4177215,0.0,1,1300.0,67.0,26.0,2.0,0.0,0.0,6.0,5.0,3.0,0.0,0.4179104,0.0,0,0,0.9984615384615384,1,1,1,61,1.0,0,0,unprofitable,0.06666666666666667
atax,3,4,1,1900.0,84.0,35.0,8.0,0.0,0.0,3.0,0.0,11.0,2.0,0.5119048,0.0,1,2100.0,33.0,15.0,2.0,0.0,0.0,1.0,0.0,3.0,1.0,0.5151515,0.0,1,0,0.9047619047619048,1,1,1,60,5.0,1,1,profitable,0.87
2mm,0,7,1,800.0,38.0,13.0,4.0,0.0,0.0,5.0,1.0,7.0,0.0,0.4473684,0.0,1,1200.0,27.0,10.0,2.0,0.0,0.0,4.0,1.0,3.0,0.0,0.4444444,0.0,0,0,0.6666666666666666,1,1,1,29,-1.0,0,0,unprofitable,0.13666666666666666
gemm,0,1,1,1000.0,38.0,13.0,4.0,0.0,0.0,5.0,1.0,7.0,0.0,0.4473684,0.0,1,1100.0,27.0,10.0,2.0,1.0,1.0,4.0,1.0,3.0,0.0,0.4444444,2.0,1,0,0.9090909090909092,1,1,1,29,5.206896551724139,1,1,profitable,0.9566666666666667
2mm,6,7,1,800.0,38.0,13.0,4.0,0.0,0.0,5.0,1.0,7.0,0.0,0.4473684,0.0,1,1200.0,27.0,10.0,2.0,0.0,0.0,4.0,1.0,3.0,0.0,0.4444444,0.0,1,0,0.6666666666666666,1,1,1,29,3.0,1,1,profitable,0.95
2mm,1,15,1,1200.0,27.0,10.0,2.0,0.0,0.0,4.0,1.0,3.0,0.0,0.4444444,0.0,1,1200.0,30.0,12.0,1.0,0.0,0.0,4.0,0.0,5.0,2.0,0.4333333,0.0,0,1,1.0,1,1,1,25,4.0,1,1,profitable,0.9966666666666667
jacobi-2d,3,7,1,1298.0,79.0,29.0,4.0,0.0,0.0,8.0,5.0,7.0,0.0,0.4177215,0.0,1,1300.0,41.0,15.0,3.0,0.0,0.0,5.0,0.0,9.0,2.0,0.4390244,0.0,0,0,0.9984615384615384,1,1,1,51,1.0,0,0,unprofitable,0.04
gemm,8,9,1,1000.0,48.0,19.0,4.0,0.0,0.0,2.0,1.0,7.0,1.0,0.4791667,0.0,1,1100.0,37.0,16.0,2.0,0.0,0.0,1.0,1.0,3.0,1.0,0.4864865,0.0,1,0,0.9090909090909092,1,1,1,41,5.0,1,1,profitable,0.9166666666666666
atax,1,5,1,2100.0,27.0,10.0,2.0,2.0,1.0,4.0,1.0,3.0,0.0,0.4444444,3.0,1,2100.0,33.0,15.0,2.0,0.0,0.0,1.0,0.0,3.0,1.0,0.5151515,0.0,0,1,1.0,1,1,1,29,4.310344827586207,1,1,profitable,0.9933333333333333
gemm,2,3,1,1200.0,38.0,13.0,4.0,0.0,0.0,5.0,1.0,7.0,0.0,0.4473684,0.0,1,1100.0,27.0,10.0,2.0,3.0,1.0,4.0,1.0,3.0,0.0,0.4444444,4.0,1,0,1.0909090909090908,1,1,1,29,5.413793103448276,1,1,profitable,0.9833333333333333
3mm,6,7,1,800.0,39.0,13.0,4.0,0.0,0.0,6.0,1.0,7.0,0.0,0.4358974,0.0,1,900.0,28.0,10.0,2.0,0.0,0.0,5.0,1.0,3.0,0.0,0.4285714,0.0,1,0,0.8888888888888888,1,1,1,29,5.0,1,1,profitable,0.93
3mm,17,18,1,800.0,41.0,15.0,3.0,0.0,0.0,5.0,0.0,9.0,2.0,0.4390244,0.0,1,1100.0,30.0,12.0,1.0,0.0,0.0,4.0,0.0,5.0,2.0,0.4333333,0.0,1,0,0.7272727272727273,1,1,1,31,3.0,1,1,profitable,0.9533333333333334
jacobi-2d,0,6,1,500.0,54.0,18.0,5.0,0.0,0.0,4.0,2.0,7.0,2.0,0.4259259,0.0,1,1300.0,67.0,26.0,2.0,0.0,0.0,6.0,5.0,3.0,0.0,0.4179104,0.0,0,0,0.3846153846153846,1,1,1,51,-1.0,0,0,unprofitable,0.013333333333333334
3mm,13,14,1,1000.0,35.0,15.0,2.0,0.0,0.0,1.0,0.0,3.0,1.0,0.4857143,0.0,1,900.0,65.0,24.0,7.0,0.0,0.0,3.0,0.0,11.0,1.0,0.4769231,0.0,1,0,1.1111111111111112,1,1,1,48,5.0,1,1,profitable,0.99
2mm,8,14,1,900.0,68.0,26.0,7.0,0.0,0.0,3.0,1.0,11.0,1.0,0.4852941,0.0,1,800.0,41.0,15.0,3.0,0.0,0.0,5.0,0.0,9.0,2.0,0.4390244,0.0,0,0,1.125,1,1,1,51,1.0,0,0,unprofitable,0.03333333333333333
3mm,6,18,1,800.0,39.0,13.0,4.0,0.0,0.0,6.0,1.0,7.0,0.0,0.4358974,0.0,1,1100.0,30.0,12.0,1.0,0.0,0.0,4.0,0.0,5.0,2.0,0.4333333,0.0,0,0,0.7272727272727273,1,1,1,30,-1.0,0,0,unprofitable,0.0
gemm,10,11,1,1000.0,41.0,15.0,3.0,0.0,0.0,5.0,0.0,9.0,2.0,0.4390244,0.0,1,1100.0,30.0,12.0,1.0,0.0,0.0,4.0,0.0,5.0,2.0,0.4333333,0.0,1,0,0.9090909090909092,1,1,1,31,5.0,1,1,profitable,0.9366666666666666
2mm,8,11,1,900.0,68.0,26.0,7.0,0.0,0.0,3.0,1.0,11.0,1.0,0.4852941,0.0,1,900.0,67.0,25.0,7.0,0.0,0.0,3.0,1.0,11.0,1.0,0.4776119,0.0,0,1,1.0,1,1,1,65,3.0,1,1,profitable,0.9733333333333334
3mm,1,2,1,1100.0,29.0,10.0,2.0,0.0,0.0,6.0,1.0,3.0,0.0,0.4137931,0.0,1,900.0,39.0,13.0,4.0,1.0,1.0,6.0,1.0,7.0,0.0,0.4358974,2.0,1,0,1.2222222222222223,1,1,1,29,5.206896551724139,1,1,profitable,0.92
2mm,0,9,1,800.0,38.0,13.0,4.0,0.0,0.0,5.0,1.0,7.0,0.0,0.4473684,0.0,1,1200.0,57.0,23.0,5.0,0.0,0.0,2.0,1.0,7.0,1.0,0.4912281,0.0,0,0,0.6666666666666666,1,1,1,45,-1.0,0,0,unprofitable,0.0033333333333333335
2mm,3,10,1,800.0,28.0,10.0,2.0,0.0,0.0,5.0,1.0,3.0,0.0,0.4285714,0.0,1,1100.0,35.0,15.0,2.0,0.0,0.0,1.0,0.0,3.0,1.0,0.4857143,0.0,0,0,0.7272727272727273,1,1,1,29,0.0,0,0,unprofitable,0.056666666666666664
2mm,8,13,1,900.0,68.0,26.0,7.0,0.0,0.0,3.0,1.0,11.0,1.0,0.4852941,0.0,1,1100.0,37.0,16.0,2.0,0.0,0.0,1.0,1.0,3.0,1.0,0.4864865,0.0,0,0,0.8181818181818182,1,1,1,51,1.0,0,0,unprofitable,0.03333333333333333
3mm,9,12,1,1200.0,54.0,21.0,5.0,0.0,0.0,2.0,0.0,7.0,1.0,0.4814815,0.0,1,1200.0,54.0,21.0,5.0,0.0,0.0,2.0,0.0,7.0,1.0,0.4814815,0.0,0,1,1.0,1,1,1,52,3.0,1,1,profitable,0.95
2mm,3,14,1,800.0,28.0,10.0,2.0,0.0,0.0,5.0,1.0,3.0,0.0,0.4285714,0.0,1,800.0,41.0,15.0,3.0,0.0,0.0,5.0,0.0,9.0,2.0,0.4390244,0.0,0,1,1.0,1,1,1,30,3.0,1,1,profitable,0.97
gemm,8,10,1,1000.0,48.0,19.0,4.0,0.0,0.0,2.0,1.0,7.0,1.0,0.4791667,0.0,1,1000.0,41.0,15.0,3.0,0.0,0.0,5.0,0.0,9.0,2.0,0.4390244,0.0,0,1,1.0,1,1,1,41,3.0,1,1,profitable,0.9733333333333334
3mm,0,5,1,800.0,40.0,13.0,4.0,0.0,0.0,7.0,1.0,7.0,0.0,0.425,0.0,1,1200.0,29.0,10.0,2.0,1.0,1.0,6.0,1.0,3.0,0.0,0.4137931,2.0,0,0,0.6666666666666666,1,1,1,29,-0.7931034482758621,0,0,unprofitable,0.12666666666666668
2mm,10,14,1,1100.0,35.0,15.0,2.0,0.0,0.0,1.0,0.0,3.0,1.0,0.4857143,0.0,1,800.0,41.0,15.0,3.0,0.0,0.0,5.0,0.0,9.0,2.0,0.4390244,0.0,0,0,1.375,1,1,1,35,-1.0,0,0,unprofitable,0.01
gemm,1,2,1,1100.0,27.0,10.0,2.0,1.0,1.0,4.0,1.0,3.0,0.0,0.4444444,2.0,1,1200.0,38.0,13.0,4.0,0.0,0.0,5.0,1.0,7.0,0.0,0.4473684,0.0,1,0,0.9166666666666666,1,1,1,29,5.206896551724139,1,1,profitable,0.9766666666666667
2mm,4,9,1,900.0,38.0,13.0,4.0,0.0,0.0,5.0,1.0,7.0,0.0,0.4473684,0.0,1,1200.0,57.0,23.0,5.0,0.0,0.0,2.0,1.0,7.0,1.0,0.4912281,0.0,0,0,0.75,1,1,1,45,1.0,0,0,unprofitable,0.016666666666666666
gemm,5,11,1,1100.0,27.0,10.0,2.0,0.0,0.0,4.0,1.0,3.0,0.0,0.4444444,0.0,1,1100.0,30.0,12.0,1.0,0.0,0.0,4.0,0.0,5.0,2.0,0.4333333,0.0,0,1,1.0,1,1,1,25,4.0,1,1,profitable,0.9933333333333333
atax,3,5,1,1900.0,84.0,35.0,8.0,0.0,0.0,3.0,0.0,11.0,2.0,0.5119048,0.0,1,2100.0,33.0,15.0,2.0,0.0,0.0,1.0,0.0,3.0,1.0,0.5151515,0.0,0,0,0.9047619047619048,1,1,1,60,1.0,0,0,unprofitable,0.12
2mm,8,9,1,900.0,68.0,26.0,7.0,0.0,0.0,3.0,1.0,11.0,1.0,0.4852941,0.0,1,1200.0,57.0,23.0,5.0,0.0,0.0,2.0,1.0,7.0,1.0,0.4912281,0.0,1,0,0.75,1,1,1,61,5.0,1,1,profitable,0.9233333333333333
2mm,10,15,1,1100.0,35.0,15.0,2.0,0.0,0.0,1.0,0.0,3.0,1.0,0.4857143,0.0,1,1200.0,30.0,12.0,1.0,0.0,0.0,4.0,0.0,5.0,2.0,0.4333333,0.0,0,0,0.9166666666666666,1,1,1,30,1.0,0,0,unprofitable,0.023333333333333334
3mm,10,15,1,1100.0,35.0,15.0,2.0,0.0,0.0,1.0,0.0,3.0,1.0,0.4857143,0.0,1,800.0,54.0,21.0,5.0,0.0,0.0,2.0,0.0,7.0,1.0,0.4814815,0.0,0,0,1.375,1,1,1,43,-1.0,0,0,unprofitable,0.0033333333333333335
3mm,0,18,1,800.0,40.0,13.0,4.0,0.0,0.0,7.0,1.0,7.0,0.0,0.425,0.0,1,1100.0,30.0,12.0,1.0,0.0,0.0,4.0,0.0,5.0,2.0,0.4333333,0.0,0,0,0.7272727272727273,1,1,1,30,-1.0,0,0,unprofitable,0.0033333333333333335
3mm,15,17,1,800.0,54.0,21.0,5.0,0.0,0.0,2.0,0.0,7.0,1.0,0.4814815,0.0,1,800.0,41.0,15.0,3.0,0.0,0.0,5.0,0.0,9.0,2.0,0.4390244,0.0,0,1,1.0,1,1,1,44,3.0,1,1,profitable,0.94
3mm,10,14,1,1100.0,35.0,15.0,2.0,0.0,0.0,1.0,0.0,3.0,1.0,0.4857143,0.0,1,900.0,65.0,24.0,7.0,0.0,0.0,3.0,0.0,11.0,1.0,0.4769231,0.0,0,0,1.2222222222222223,1,1,1,48,1.0,0,0,unprofitable,0.10666666666666667
atax,4,6,1,2100.0,33.0,15.0,2.0,0.0,0.0,1.0,0.0,3.0,1.0,0.5151515,0.0,1,2100.0,14.0,5.0,2.0,0.0,0.0,1.0,0.0,3.0,0.0,0.5,0.0,0,1,1.0,1,1,1,24,4.0,1,1,profitable,0.9733333333333334
2mm,9,14,1,1200.0,57.0,23.0,5.0,0.0,0.0,2.0,1.0,7.0,1.0,0.4912281,0.0,1,800.0,41.0,15.0,3.0,0.0,0.0,5.0,0.0,9.0,2.0,0.4390244,0.0,0,0,1.5,1,1,1,46,-1.0,0,0,unprofitable,0.023333333333333334
atax,0,4,1,1900.0,38.0,13.0,4.0,0.0,0.0,5.0,1.0,7.0,0.0,0.4473684,0.0,1,2100.0,33.0,15.0,2.0,0.0,0.0,1.0,0.0,3.0,1.0,0.5151515,0.0,0,0,0.9047619047619048,1,1,1,34,1.0,0,0,unprofitable,0.03
gemm,0,5,1,1000.0,38.0,13.0,4.0,0.0,0.0,5.0,1.0,7.0,0.0,0.4473684,0.0,1,1100.0,27.0,10.0,2.0,0.0,0.0,4.0,1.0,3.0,0.0,0.4444444,0.0,0,0,0.9090909090909092,1,1,1,29,1.0,0,0,unprofitable,0.12666666666666668
3mm,12,17,1,1200.0,54.0,21.0,5.0,0.0,0.0,2.0,0.0,7.0,1.0,0.4814815,0.0,1,800.0,41.0,15.0,3.0,0.0,0.0,5.0,0.0,9.0,2.0,0.4390244,0.0,0,0,1.5,1,1,1,44,-1.0,0,0,unprofitable,0.013333333333333334
3mm,6,9,1,800.0,39.0,13.0,4.0,0.0,0.0,6.0,1.0,7.0,0.0,0.4358974,0.0,1,1200.0,54.0,21.0,5.0,0.0,0.0,2.0,0.0,7.0,1.0,0.4814815,0.0,0,0,0.6666666666666666,1,1,1,43,-1.0,0,0,unprofitable,0.0
3mm,16,18,1,1000.0,35.0,15.0,2.0,0.0,0.0,1.0,0.0,3.0,1.0,0.4857143,0.0,1,1100.0,30.0,12.0,1.0,0.0,0.0,4.0,0.0,5.0,2.0,0.4333333,0.0,0,0,0.9090909090909092,1,1,1,30,1.0,0,0,unprofitable,0.03
3mm,10,18,1,1100.0,35.0,15.0,2.0,0.0,0.0,1.0,0.0,3.0,1.0,0.4857143,0.0,1,1100.0,30.0,12.0,1.0,0.0,0.0,4.0,0.0,5.0,2.0,0.4333333,0.0,0,1,1.0,1,1,1,30,3.0,1,1,profitable,0.9466666666666667
3mm,8,16,1,1000.0,65.0,24.0,7.0,1.0,1.0,3.0,0.0,11.0,1.0,0.4769231,2.0,1,1000.0,35.0,15.0,2.0,0.0,0.0,1.0,0.0,3.0,1.0,0.4857143,0.0,0,1,1.0,1,1,1,48,3.125,1,1,profitable,0.9833333333333333
3mm,10,13,1,1100.0,35.0,15.0,2.0,0.0,0.0,1.0,0.0,3.0,1.0,0.4857143,0.0,1,1000.0,35.0,15.0,2.0,0.0,0.0,1.0,0.0,3.0,1.0,0.4857143,0.0,0,0,1.1,1,1,1,34,1.0,0,0,unprofitable,0.05333333333333334
gemm,0,9,1,1000.0,38.0,13.0,4.0,0.0,0.0,5.0,1.0,7.0,0.0,0.4473684,0.0,1,1100.0,37.0,16.0,2.0,0.0,0.0,1.0,1.0,3.0,1.0,0.4864865,0.0,0,0,0.9090909090909092,1,1,1,35,1.0,0,0,unprofitable,0.013333333333333334
2mm,1,14,1,1200.0,27.0,10.0,2.0,0.0,0.0,4.0,1.0,3.0,0.0,0.4444444,0.0,1,800.0,41.0,15.0,3.0,0.0,0.0,5.0,0.0,9.0,2.0,0.4390244,0.0,0,0,1.5,1,1,1,30,-1.0,0,0,unprofitable,0.01
2mm,3,6,1,800.0,28.0,10.0,2.0,0.0,0.0,5.0,1.0,3.0,0.0,0.4285714,0.0,1,800.0,38.0,13.0,4.0,0.0,0.0,5.0,1.0,7.0,0.0,0.4473684,0.0,0,1,1.0,1,1,1,29,3.0,1,1,profitable,0.9533333333333334
atax,3,6,1,1900.0,84.0,35.0,8.0,0.0,0.0,3.0,0.0,11.0,2.0,0.5119048,0.0,1,2100.0,14.0,5.0,2.0,0.0,0.0,1.0,0.0,3.0,0.0,0.5,0.0,0,0,0.9047619047619048,1,1,1,50,1.0,0,0,unprofitable,0.13333333333333333
3mm,4,6,1,1100.0,40.0,13.0,4.0,0.0,0.0,7.0,1.0,7.0,0.0,0.425,0.0,1,800.0,39.0,13.0,4.0,0.0,0.0,6.0,1.0,7.0,0.0,0.4358974,0.0,0,0,1.375,1,1,1,34,-1.0,0,0,unprofitable,0.023333333333333334
jacobi-2d,2,4,1,1298.0,171.0,61.0,11.0,5.0,1.0,17.0,10.0,19.0,0.0,0.4210526,6.0,1,1298.0,67.0,26.0,2.0,5.0,1.0,6.0,5.0,3.0,0.0,0.4179104,6.0,0,1,1.0,1,1,1,100,3.3600000000000003,1,1,profitable,0.9766666666666667
2mm,8,12,1,900.0,68.0,26.0,7.0,0.0,0.0,3.0,1.0,11.0,1.0,0.4852941,0.0,1,800.0,56.0,22.0,5.0,0.0,0.0,2.0,1.0,7.0,1.0,0.4821429,0.0,0,0,1.125,1,1,1,60,1.0,0,0,unprofitable,0.1
3mm,7,14,1,900.0,28.0,10.0,2.0,0.0,0.0,5.0,1.0,3.0,0.0,0.4285714,0.0,1,900.0,65.0,24.0,7.0,0.0,0.0,3.0,0.0,11.0,1.0,0.4769231,0.0,0,1,1.0,1,1,1,43,3.0,1,1,profitable,0.9633333333333334
2mm,5,6,1,1100.0,27.0,10.0,2.0,1.0,1.0,4.0,1.0,3.0,0.0,0.4444444,2.0,1,800.0,38.0,13.0,4.0,0.0,0.0,5.0,1.0,7.0,0.0,0.4473684,0.0,1,0,1.375,1,1,1,29,3.206896551724138,1,1,profitable,0.9
3mm,6,10,1,800.0,39.0,13.0,4.0,0.0,0.0,6.0,1.0,7.0,0.0,0.4358974,0.0,1,1100.0,35.0,15.0,2.0,0.0,0.0,1.0,0.0,3.0,1.0,0.4857143,0.0,0,0,0.7272727272727273,1,1,1,34,-1.0,0,0,unprofitable,0.0
3mm,2,14,1,900.0,39.0,13.0,4.0,1.0,1.0,6.0,1.0,7.0,0.0,0.4358974,2.0,1,900.0,65.0,24.0,7.0,0.0,0.0,3.0,0.0,11.0,1.0,0.4769231,0.0,0,1,1.0,1,1,1,48,3.125,1,1,profitable,0.99
3mm,10,11,1,1100.0,35.0,15.0,2.0,0.0,0.0,1.0,0.0,3.0,1.0,0.4857143,0.0,1,900.0,65.0,24.0,7.0,0.0,0.0,3.0,0.0,11.0,1.0,0.4769231,0.0,1,0,1.2222222222222223,1,1,1,48,5.0,1,1,profitable,0.92
3mm,9,18,1,1200.0,54.0,21.0,5.0,0.0,0.0,2.0,0.0,7.0,1.0,0.4814815,0.0,1,1100.0,30.0,12.0,1.0,0.0,0.0,4.0,0.0,5.0,2.0,0.4333333,0.0,0,0,1.0909090909090908,1,1,1,39,1.0,0,0,unprofitable,0.04
3mm,5,12,1,1200.0,29.0,10.0,2.0,1.0,1.0,6.0,1.0,3.0,0.0,0.4137931,2.0,1,1200.0,54.0,21.0,5.0,0.0,0.0,2.0,0.0,7.0,1.0,0.4814815,0.0,0,1,1.0,1,1,1,38,3.1578947368421053,1,1,profitable,0.9866666666666667
2mm,2,8,1,900.0,39.0,13.0,4.0,1.0,1.0,6.0,1.0,7.0,0.0,0.4358974,2.0,1,900.0,68.0,26.0,7.0,0.0,0.0,3.0,1.0,11.0,1.0,0.4852941,0.0,0,1,1.0,1,1,1,50,3.12,1,1,profitable,0.9966666666666667
jacobi-2d,2,3,1,1298.0,171.0,61.0,11.0,5.0,1.0,17.0,10.0,19.0,0.0,0.4210526,6.0,1,1298.0,79.0,29.0,4.0,0.0,0.0,8.0,5.0,7.0,0.0,0.4177215,0.0,1,1,1.0,1,1,1,105,7.171428571428571,1,1,profitable,0.99
gemm,1,5,1,1100.0,27.0,10.0,2.0,1.0,1.0,4.0,1.0,3.0,0.0,0.4444444,2.0,1,1100.0,27.0,10.0,2.0,0.0,0.0,4.0,1.0,3.0,0.0,0.4444444,0.0,0,1,1.0,1,1,1,24,4.25,1,1,profitable,1.0
2mm,0,5,1,800.0,38.0,13.0,4.0,0.0,0.0,5.0,1.0,7.0,0.0,0.4473684,0.0,1,1100.0,27.0,10.0,2.0,1.0,1.0,4.0,1.0,3.0,0.0,0.4444444,2.0,0,0,0.7272727272727273,1,1,1,29,-0.7931034482758621,0,0,unprofitable,0.09666666666666666
3mm,0,10,1,800.0,40.0,13.0,4.0,0.0,0.0,7.0,1.0,7.0,0.0,0.425,0.0,1,1100.0,35.0,15.0,2.0,0.0,0.0,1.0,0.0,3.0,1.0,0.4857143,0.0,0,0,0.7272727272727273,1,1,1,34,-1.0,0,0,unprofitable,0.0
jacobi-2d,1,5,1,1298.0,43.0,15.0,3.0,0.0,0.0,3.0,2.0,3.0,2.0,0.4186047,0.0,1,1300.0,79.0,29.0,4.0,0.0,0.0,8.0,5.0,7.0,0.0,0.4177215,0.0,0,0,0.9984615384615384,1,1,1,51,1.0,0,0,unprofitable,0.13333333333333333
2mm,1,7,1,1200.0,27.0,10.0,2.0,0.0,0.0,4.0,1.0,3.0,0.0,0.4444444,0.0,1,1200.0,27.0,10.0,2.0,0.0,0.0,4.0,1.0,3.0,0.0,0.4444444,0.0,0,1,1.0,1,1,1,24,4.0,1,1,profitable,0.9766666666666667
2mm,8,15,1,900.0,68.0,26.0,7.0,0.0,0.0,3.0,1.0,11.0,1.0,0.4852941,0.0,1,1200.0,30.0,12.0,1.0,0.0,0.0,4.0,0.0,5.0,2.0,0.4333333,0.0,0,0,0.75,1,1,1,46,1.0,0,0,unprofitable,0.0
2mm,14,15,1,800.0,41.0,15.0,3.0,0.0,0.0,5.0,0.0,9.0,2.0,0.4390244,0.0,1,1200.0,30.0,12.0,1.0,0.0,0.0,4.0,0.0,5.0,2.0,0.4333333,0.0,1,0,0.6666666666666666,1,1,1,31,3.0,1,1,profitable,0.95
2mm,6,15,1,800.0,38.0,13.0,4.0,0.0,0.0,5.0,1.0,7.0,0.0,0.4473684,0.0,1,1200.0,30.0,12.0,1.0,0.0,0.0,4.0,0.0,5.0,2.0,0.4333333,0.0,0,0,0.6666666666666666,1,1,1,30,-1.0,0,0,unprofitable,0.0
2mm,4,12,1,900.0,38.0,13.0,4.0,0.0,0.0,5.0,1.0,7.0,0.0,0.4473684,0.0,1,800.0,56.0,22.0,5.0,0.0,0.0,2.0,1.0,7.0,1.0,0.4821429,0.0,0,0,1.125,1,1,1,44,1.0,0,0,unprofitable,0.04666666666666667
3mm,16,17,1,1000.0,35.0,15.0,2.0,0.0,0.0,1.0,0.0,3.0,1.0,0.4857143,0.0,1,800.0,41.0,15.0,3.0,0.0,0.0,5.0,0.0,9.0,2.0,0.4390244,0.0,1,0,1.25,1,1,1,35,5.0,1,1,profitable,0.8833333333333333
atax,0,1,1,1900.0,38.0,13.0,4.0,0.0,0.0,5.0,1.0,7.0,0.0,0.4473684,0.0,1,2100.0,27.0,10.0,2.0,2.0,1.0,4.0,1.0,3.0,0.0,0.4444444,3.0,1,0,0.9047619047619048,1,1,1,29,5.310344827586206,1,1,profitable,0.97
3mm,14,15,1,900.0,65.0,24.0,7.0,0.0,0.0,3.0,0.0,11.0,1.0,0.4769231,0.0,1,800.0,54.0,21.0,5.0,0.0,0.0,2.0,0.0,7.0,1.0,0.4814815,0.0,1,0,1.125,1,1,1,57,5.0,1,1,profitable,0.88
3mm,11,12,1,900.0,65.0,24.0,7.0,0.0,0.0,3.0,0.0,11.0,1.0,0.4769231,0.0,1,1200.0,54.0,21.0,5.0,0.0,0.0,2.0,0.0,7.0,1.0,0.4814815,0.0,1,0,0.75,1,1,1,57,5.0,1,1,profitable,0.94
2mm,3,4,1,800.0,28.0,10.0,2.0,0.0,0.0,5.0,1.0,3.0,0.0,0.4285714,0.0,1,900.0,38.0,13.0,4.0,0.0,0.0,5.0,1.0,7.0,0.0,0.4473684,0.0,1,0,0.8888888888888888,1,1,1,29,5.0,1,1,profitable,0.9266666666666666
3mm,0,4,1,800.0,40.0,13.0,4.0,0.0,0.0,7.0,1.0,7.0,0.0,0.425,0.0,1,1100.0,40.0,13.0,4.0,0.0,0.0,7.0,1.0,7.0,0.0,0.425,0.0,0,0,0.7272727272727273,1,1,1,34,-1.0,0,0,unprofitable,0.03333333333333333
3mm,8,9,1,1000.0,65.0,24.0,7.0,1.0,1.0,3.0,0.0,11.0,1.0,0.4769231,2.0,1,1200.0,54.0,21.0,5.0,0.0,0.0,2.0,0.0,7.0,1.0,0.4814815,0.0,1,0,0.8333333333333334,1,1,1,57,5.105263157894736,1,1,profitable,0.97
jacobi-2d,5,8,1,1300.0,79.0,29.0,4.0,0.0,0.0,8.0,5.0,7.0,0.0,0.4177215,0.0,1,1300.0,30.0,12.0,1.0,0.0,0.0,4.0,0.0,5.0,2.0,0.4333333,0.0,0,1,1.0,1,1,1,46,3.0,1,1,profitable,0.95
2mm,6,13,1,800.0,38.0,13.0,4.0,0.0,0.0,5.0,1.0,7.0,0.0,0.4473684,0.0,1,1100.0,37.0,16.0,2.0,0.0,0.0,1.0,1.0,3.0,1.0,0.4864865,0.0,0,0,0.7272727272727273,1,1,1,35,-1.0,0,0,unprofitable,0.0
2mm,7,9,1,1200.0,27.0,10.0,2.0,0.0,0.0,4.0,1.0,3.0,0.0,0.4444444,0.0,1,1200.0,57.0,23.0,5.0,0.0,0.0,2.0,1.0,7.0,1.0,0.4912281,0.0,0,1,1.0,1,1,1,40,3.0,1,1,profitable,0.9533333333333334
atax,2,5,1,2100.0,19.0,7.0,2.0,3.0,1.0,1.0,2.0,3.0,0.0,0.4736842,4.0,1,2100.0,33.0,15.0,2.0,0.0,0.0,1.0,0.0,3.0,1.0,0.5151515,0.0,0,1,1.0,1,1,1,26,4.461538461538462,1,1,profitable,1.0
2mm,3,12,1,800.0,28.0,10.0,2.0,0.0,0.0,5.0,1.0,3.0,0.0,0.4285714,0.0,1,800.0,56.0,22.0,5.0,0.0,0.0,2.0,1.0,7.0,1.0,0.4821429,0.0,0,1,1.0,1,1,1,39,3.0,1,1,profitable,0.9333333333333333
2mm,11,15,1,900.0,67.0,25.0,7.0,0.0,0.0,3.0,1.0,11.0,1.0,0.4776119,0.0,1,1200.0,30.0,12.0,1.0,0.0,0.0,4.0,0.0,5.0,2.0,0.4333333,0.0,0,0,0.75,1,1,1,45,1.0,0,0,unprofitable,0.0
2mm,1,8,1,1200.0,27.0,10.0,2.0,0.0,0.0,4.0,1.0,3.0,0.0,0.4444444,0.0,1,900.0,68.0,26.0,7.0,0.0,0.0,3.0,1.0,11.0,1.0,0.4852941,0.0,0,0,1.3333333333333333,1,1,1,45,-1.0,0,0,unprofitable,0.12333333333333334
3mm,2,7,1,900.0,39.0,13.0,4.0,1.0,1.0,6.0,1.0,7.0,0.0,0.4358974,2.0,1,900.0,28.0,10.0,2.0,0.0,0.0,5.0,1.0,3.0,0.0,0.4285714,0.0,0,1,1.0,1,1,1,29,3.206896551724138,1,1,profitable,0.99
gemm,5,6,1,1100.0,27.0,10.0,2.0,0.0,0.0,4.0,1.0,3.0,0.0,0.4444444,0.0,1,1000.0,81.0,30.0,9.0,0.0,0.0,4.0,2.0,15.0,1.0,0.4814815,0.0,1,0,1.1,1,1,1,51,5.0,1,1,profitable,0.9433333333333334
2mm,6,12,1,800.0,38.0,13.0,4.0,0.0,0.0,5.0,1.0,7.0,0.0,0.4473684,0.0,1,800.0,56.0,22.0,5.0,0.0,0.0,2.0,1.0,7.0,1.0,0.4821429,0.0,0,1,1.0,1,1,1,44,3.0,1,1,profitable,0.9133333333333333
2mm,6,11,1,800.0,38.0,13.0,4.0,0.0,0.0,5.0,1.0,7.0,0.0,0.4473684,0.0,1,900.0,67.0,25.0,7.0,0.0,0.0,3.0,1.0,11.0,1.0,0.4776119,0.0,0,0,0.8888888888888888,1,1,1,49,1.0,0,0,unprofitable,0.03
2mm,2,4,1,900.0,39.0,13.0,4.0,1.0,1.0,6.0,1.0,7.0,0.0,0.4358974,2.0,1,900.0,38.0,13.0,4.0,0.0,0.0,5.0,1.0,7.0,0.0,0.4473684,0.0,0,1,1.0,1,1,1,34,3.1764705882352944,1,1,profitable,0.99
2mm,4,10,1,900.0,38.0,13.0,4.0,0.0,0.0,5.0,1.0,7.0,0.0,0.4473684,0.0,1,1100.0,35.0,15.0,2.0,0.0,0.0,1.0,0.0,3.0,1.0,0.4857143,0.0,0,0,0.8181818181818182,1,1,1,34,1.0,0,0,unprofitable,0.0
3mm,12,13,1,1200.0,54.0,21.0,5.0,0.0,0.0,2.0,0.0,7.0,1.0,0.4814815,0.0,1,1000.0,35.0,15.0,2.0,0.0,0.0,1.0,0.0,3.0,1.0,0.4857143,0.0,1,0,1.2,1,1,1,43,5.0,1,1,profitable,0.9133333333333333
3mm,4,15,1,1100.0,40.0,13.0,4.0,0.0,0.0,7.0,1.0,7.0,0.0,0.425,0.0,1,800.0,54.0,21.0,5.0,0.0,0.0,2.0,0.0,7.0,1.0,0.4814815,0.0,0,0,1.375,1,1,1,43,-1.0,0,0,unprofitable,0.0033333333333333335
2mm,13,15,1,1100.0,37.0,16.0,2.0,0.0,0.0,1.0,1.0,3.0,1.0,0.4864865,0.0,1,1200.0,30.0,12.0,1.0,0.0,0.0,4.0,0.0,5.0,2.0,0.4333333,0.0,0,0,0.9166666666666666,1,1,1,31,1.0,0,0,unprofitable,0.056666666666666664
2mm,3,13,1,800.0,28.0,10.0,2.0,0.0,0.0,5.0,1.0,3.0,0.0,0.4285714,0.0,1,1100.0,37.0,16.0,2.0,0.0,0.0,1.0,1.0,3.0,1.0,0.4864865,0.0,0,0,0.7272727272727273,1,1,1,30,-1.0,0,0,unprofitable,0.043333333333333335
3mm,10,16,1,1100.0,35.0,15.0,2.0,0.0,0.0,1.0,0.0,3.0,1.0,0.4857143,0.0,1,1000.0,35.0,15.0,2.0,0.0,0.0,1.0,0.0,3.0,1.0,0.4857143,0.0,0,0,1.1,1,1,1,34,1.0,0,0,unprofitable,0.05333333333333334
atax,1,2,1,2100.0,27.0,10.0,2.0,2.0,1.0,4.0,1.0,3.0,0.0,0.4444444,3.0,1,2100.0,19.0,7.0,2.0,3.0,1.0,1.0,2.0,3.0,0.0,0.4736842,4.0,1,1,1.0,1,1,1,21,9.0,1,1,profitable,0.9966666666666667
jacobi-2d,3,4,1,1298.0,79.0,29.0,4.0,0.0,0.0,8.0,5.0,7.0,0.0,0.4177215,0.0,1,1298.0,67.0,26.0,2.0,5.0,1.0,6.0,5.0,3.0,0.0,0.4179104,6.0,1,1,1.0,1,1,1,61,7.295081967213115,1,1,profitable,0.9833333333333333
2mm,1,2,1,1200.0,27.0,10.0,2.0,0.0,0.0,4.0,1.0,3.0,0.0,0.4444444,0.0,1,900.0,39.0,13.0,4.0,1.0,1.0,6.0,1.0,7.0,0.0,0.4358974,2.0,1,0,1.3333333333333333,1,1,1,29,3.206896551724138,1,1,profitable,0.8833333333333333
gemm,1,3,1,1100.0,27.0,10.0,2.0,1.0,1.0,4.0,1.0,3.0,0.0,0.4444444,2.0,1,1100.0,27.0,10.0,2.0,3.0,1.0,4.0,1.0,3.0,0.0,0.4444444,4.0,0,1,1.0,1,1,1,24,4.75,1,1,profitable,0.9933333333333333
2mm,7,8,1,1200.0,27.0,10.0,2.0,0.0,0.0,4.0,1.0,3.0,0.0,0.4444444,0.0,1,900.0,68.0,26.0,7.0,0.0,0.0,3.0,1.0,11.0,1.0,0.4852941,0.0,1,0,1.3333333333333333,1,1,1,45,3.0,1,1,profitable,0.8466666666666667
3mm,9,16,1,1200.0,54.0,21.0,5.0,0.0,0.0,2.0,0.0,7.0,1.0,0.4814815,0.0,1,1000.0,35.0,15.0,2.0,0.0,0.0,1.0,0.0,3.0,1.0,0.4857143,0.0,0,0,1.2,1,1,1,43,1.0,0,0,unprofitable,0.03
2mm,9,13,1,1200.0,57.0,23.0,5.0,0.0,0.0,2.0,1.0,7.0,1.0,0.4912281,0.0,1,1100.0,37.0,16.0,2.0,0.0,0.0,1.0,1.0,3.0,1.0,0.4864865,0.0,0,0,1.0909090909090908,1,1,1,46,1.0,0,0,unprofitable,0.09
2mm,0,13,1,800.0,38.0,13.0,4.0,0.0,0.0,5.0,1.0,7.0,0.0,0.4473684,0.0,1,1100.0,37.0,16.0,2.0,0.0,0.0,1.0,1.0,3.0,1.0,0.4864865,0.0,0,0,0.7272727272727273,1,1,1,35,-1.0,0,0,unprofitable,0.0
2mm,0,1,1,800.0,38.0,13.0,4.0,0.0,0.0,5.0,1.0,7.0,0.0,0.4473684,0.0,1,1200.0,27.0,10.0,2.0,0.0,0.0,4.0,1.0,3.0,0.0,0.4444444,0.0,1,0,0.6666666666666666,1,1,1,29,3.0,1,1,profitable,0.95
2mm,2,11,1,900.0,39.0,13.0,4.0,1.0,1.0,6.0,1.0,7.0,0.0,0.4358974,2.0,1,900.0,67.0,25.0,7.0,0.0,0.0,3.0,1.0,11.0,1.0,0.4776119,0.0,0,1,1.0,1,1,1,49,3.1224489795918364,1,1,profitable,0.9933333333333333
jacobi-2d,3,5,1,1298.0,79.0,29.0,4.0,0.0,0.0,8.0,5.0,7.0,0.0,0.4177215,0.0,1,1300.0,79.0,29.0,4.0,0.0,0.0,8.0,5.0,7.0,0.0,0.4177215,0.0,0,0,0.9984615384615384,1,1,1,66,1.0,0,0,unprofitable,0.06666666666666667
jacobi-2d,0,3,1,500.0,54.0,18.0,5.0,0.0,0.0,4.0,2.0,7.0,2.0,0.4259259,0.0,1,1298.0,79.0,29.0,4.0,0.0,0.0,8.0,5.0,7.0,0.0,0.4177215,0.0,0,0,0.3852080123266564,1,1,1,56,-1.0,0,0,unprofitable,0.02
gemm,6,8,1,1000.0,81.0,30.0,9.0,0.0,0.0,4.0,2.0,15.0,1.0,0.4814815,0.0,1,1000.0,48.0,19.0,4.0,0.0,0.0,2.0,1.0,7.0,1.0,0.4791667,0.0,0,1,1.0,1,1,1,62,3.0,1,1,profitable,0.98
3mm,15,16,1,800.0,54.0,21.0,5.0,0.0,0.0,2.0,0.0,7.0,1.0,0.4814815,0.0,1,1000.0,35.0,15.0,2.0,0.0,0.0,1.0,0.0,3.0,1.0,0.4857143,0.0,1,0,0.8,1,1,1,43,5.0,1,1,profitable,0.93
gemm,4,7,1,1200.0,38.0,13.0,4.0,0.0,0.0,5.0,1.0,7.0,0.0,0.4473684,0.0,1,1200.0,20.0,8.0,2.0,0.0,0.0,1.0,1.0,3.0,0.0,0.5,0.0,0,1,1.0,1,1,1,27,4.0,1,1,profitable,0.9866666666666667
3mm,11,16,1,900.0,65.0,24.0,7.0,0.0,0.0,3.0,0.0,11.0,1.0,0.4769231,0.0,1,1000.0,35.0,15.0,2.0,0.0,0.0,1.0,0.0,3.0,1.0,0.4857143,0.0,0,0,0.9,1,1,1,48,1.0,0,0,unprofitable,0.006666666666666667
3mm,0,7,1,800.0,40.0,13.0,4.0,0.0,0.0,7.0,1.0,7.0,0.0,0.425,0.0,1,900.0,28.0,10.0,2.0,0.0,0.0,5.0,1.0,3.0,0.0,0.4285714,0.0,0,0,0.8888888888888888,1,1,1,29,1.0,0,0,unprofitable,0.12
gemm,3,4,1,1100.0,27.0,10.0,2.0,3.0,1.0,4.0,1.0,3.0,0.0,0.4444444,4.0,1,1200.0,38.0,13.0,4.0,0.0,0.0,5.0,1.0,7.0,0.0,0.4473684,0.0,1,0,0.9166666666666666,1,1,1,29,5.413793103448276,1,1,profitable,0.9833333333333333
2mm,1,4,1,1200.0,27.0,10.0,2.0,0.0,0.0,4.0,1.0,3.0,0.0,0.4444444,0.0,1,900.0,38.0,13.0,4.0,0.0,0.0,5.0,1.0,7.0,0.0,0.4473684,0.0,0,0,1.3333333333333333,1,1,1,29,-1.0,0,0,unprofitable,0.09
2mm,1,11,1,1200.0,27.0,10.0,2.0,0.0,0.0,4.0,1.0,3.0,0.0,0.4444444,0.0,1,900.0,67.0,25.0,7.0,0.0,0.0,3.0,1.0,11.0,1.0,0.4776119,0.0,0,0,1.3333333333333333,1,1,1,44,-1.0,0,0,unprofitable,0.02666666666666667
3mm,9,10,1,1200.0,54.0,21.0,5.0,0.0,0.0,2.0,0.0,7.0,1.0,0.4814815,0.0,1,1100.0,35.0,15.0,2.0,0.0,0.0,1.0,0.0,3.0,1.0,0.4857143,0.0,1,0,1.0909090909090908,1,1,1,43,5.0,1,1,profitable,0.98
3mm,14,16,1,900.0,65.0,24.0,7.0,0.0,0.0,3.0,0.0,11.0,1.0,0.4769231,0.0,1,1000.0,35.0,15.0,2.0,0.0,0.0,1.0,0.0,3.0,1.0,0.4857143,0.0,0,0,0.9,1,1,1,48,1.0,0,0,unprofitable,0.006666666666666667
jacobi-2d,1,2,1,1298.0,43.0,15.0,3.0,0.0,0.0,3.0,2.0,3.0,2.0,0.4186047,0.0,1,1298.0,171.0,61.0,11.0,5.0,1.0,17.0,10.0,19.0,0.0,0.4210526,6.0,1,1,1.0,1,1,1,90,7.199999999999999,1,1,profitable,0.99
3mm,11,14,1,900.0,65.0,24.0,7.0,0.0,0.0,3.0,0.0,11.0,1.0,0.4769231,0.0,1,900.0,65.0,24.0,7.0,0.0,0.0,3.0,0.0,11.0,1.0,0.4769231,0.0,0,1,1.0,1,1,1,62,3.0,1,1,profitable,0.95
2mm,11,12,1,900.0,67.0,25.0,7.0,0.0,0.0,3.0,1.0,11.0,1.0,0.4776119,0.0,1,800.0,56.0,22.0,5.0,0.0,0.0,2.0,1.0,7.0,1.0,0.4821429,0.0,1,0,1.125,1,1,1,59,5.0,1,1,profitable,0.8633333333333333
3mm,12,16,1,1200.0,54.0,21.0,5.0,0.0,0.0,2.0,0.0,7.0,1.0,0.4814815,0.0,1,1000.0,35.0,15.0,2.0,0.0,0.0,1.0,0.0,3.0,1.0,0.4857143,0.0,0,0,1.2,1,1,1,43,1.0,0,0,unprofitable,0.03
2mm,3,5,1,800.0,28.0,10.0,2.0,0.0,0.0,5.0,1.0,3.0,0.0,0.4285714,0.0,1,1100.0,27.0,10.0,2.0,1.0,1.0,4.0,1.0,3.0,0.0,0.4444444,2.0,0,0,0.7272727272727273,1,1,1,24,0.25,0,0,unprofitable,0.04666666666666667
gemm,5,8,1,1100.0,27.0,10.0,2.0,0.0,0.0,4.0,1.0,3.0,0.0,0.4444444,0.0,1,1000.0,48.0,19.0,4.0,0.0,0.0,2.0,1.0,7.0,1.0,0.4791667,0.0,0,0,1.1,1,1,1,35,1.0,0,0,unprofitable,0.08666666666666667
3mm,3,7,1,900.0,28.0,10.0,2.0,0.0,0.0,5.0,1.0,3.0,0.0,0.4285714,0.0,1,900.0,28.0,10.0,2.0,0.0,0.0,5.0,1.0,3.0,0.0,0.4285714,0.0,0,1,1.0,1,1,1,24,4.0,1,1,profitable,0.9333333333333333
3mm,0,14,1,800.0,40.0,13.0,4.0,0.0,0.0,7.0,1.0,7.0,0.0,0.425,0.0,1,900.0,65.0,24.0,7.0,0.0,0.0,3.0,0.0,11.0,1.0,0.4769231,0.0,0,0,0.8888888888888888,1,1,1,48,1.0,0,0,unprofitable,0.02666666666666667
gemm,2,11,1,1200.0,38.0,13.0,4.0,0.0,0.0,5.0,1.0,7.0,0.0,0.4473684,0.0,1,1100.0,30.0,12.0,1.0,0.0,0.0,4.0,0.0,5.0,2.0,0.4333333,0.0,0,0,1.0909090909090908,1,1,1,30,1.0,0,0,unprofitable,0.07666666666666666
3mm,9,17,1,1200.0,54.0,21.0,5.0,0.0,0.0,2.0,0.0,7.0,1.0,0.4814815,0.0,1,800.0,41.0,15.0,3.0,0.0,0.0,5.0,0.0,9.0,2.0,0.4390244,0.0,0,0,1.5,1,1,1,44,-1.0,0,0,unprofitable,0.013333333333333334
3mm,12,14,1,1200.0,54.0,21.0,5.0,0.0,0.0,2.0,0.0,7.0,1.0,0.4814815,0.0,1,900.0,65.0,24.0,7.0,0.0,0.0,3.0,0.0,11.0,1.0,0.4769231,0.0,0,0,1.3333333333333333,1,1,1,57,-1.0,0,0,unprofitable,0.006666666666666667
gemm,2,7,1,1200.0,38.0,13.0,4.0,0.0,0.0,5.0,1.0,7.0,0.0,0.4473684,0.0,1,1200.0,20.0,8.0,2.0,0.0,0.0,1.0,1.0,3.0,0.0,0.5,0.0,0,1,1.0,1,1,1,27,4.0,1,1,profitable,0.9866666666666667
3mm,5,14,1,1200.0,29.0,10.0,2.0,1.0,1.0,6.0,1.0,3.0,0.0,0.4137931,2.0,1,900.0,65.0,24.0,7.0,0.0,0.0,3.0,0.0,11.0,1.0,0.4769231,0.0,0,0,1.3333333333333333,1,1,1,43,-0.86046511627907,0,0,unprofitable,0.043333333333333335
3mm,1,10,1,1100.0,29.0,10.0,2.0,0.0,0.0,6.0,1.0,3.0,0.0,0.4137931,0.0,1,1100.0,35.0,15.0,2.0,0.0,0.0,1.0,0.0,3.0,1.0,0.4857143,0.0,0,1,1.0,1,1,1,29,4.0,1,1,profitable,0.9533333333333334
gemm,9,10,1,1100.0,37.0,16.0,2.0,0.0,0.0,1.0,1.0,3.0,1.0,0.4864865,0.0,1,1000.0,41.0,15.0,3.0,0.0,0.0,5.0,0.0,9.0,2.0,0.4390244,0.0,1,0,1.1,1,1,1,36,5.0,1,1,profitable,0.9166666666666666
3mm,11,15,1,900.0,65.0,24.0,7.0,0.0,0.0,3.0,0.0,11.0,1.0,0.4769231,0.0,1,800.0,54.0,21.0,5.0,0.0,0.0,2.0,0.0,7.0,1.0,0.4814815,0.0,0,0,1.125,1,1,1,57,1.0,0,0,unprofitable,0.07
gemm,6,7,1,1000.0,81.0,30.0,9.0,0.0,0.0,4.0,2.0,15.0,1.0,0.4814815,0.0,1,1200.0,20.0,8.0,2.0,0.0,0.0,1.0,1.0,3.0,0.0,0.5,0.0,1,0,0.8333333333333334,1,1,1,49,5.0,1,1,profitable,0.9066666666666666
3mm,0,1,1,800.0,40.0,13.0,4.0,0.0,0.0,7.0,1.0,7.0,0.0,0.425,0.0,1,1100.0,29.0,10.0,2.0,0.0,0.0,6.0,1.0,3.0,0.0,0.4137931,0.0,1,0,0.7272727272727273,1,1,1,29,3.0,1,1,profitable,0.9033333333333333
3mm,14,17,1,900.0,65.0,24.0,7.0,0.0,0.0,3.0,0.0,11.0,1.0,0.4769231,0.0,1,800.0,41.0,15.0,3.0,0.0,0.0,5.0,0.0,9.0,2.0,0.4390244,0.0,0,0,1.125,1,1,1,49,1.0,0,0,unprofitable,0.006666666666666667
3mm,3,4,1,900.0,28.0,10.0,2.0,0.0,0.0,5.0,1.0,3.0,0.0,0.4285714,0.0,1,1100.0,40.0,13.0,4.0,0.0,0.0,7.0,1.0,7.0,0.0,0.425,0.0,1,0,0.8181818181818182,1,1,1,29,5.0,1,1,profitable,0.9233333333333333
2mm,6,10,1,800.0,38.0,13.0,4.0,0.0,0.0,5.0,1.0,7.0,0.0,0.4473684,0.0,1,1100.0,35.0,15.0,2.0,0.0,0.0,1.0,0.0,3.0,1.0,0.4857143,0.0,0,0,0.7272727272727273,1,1,1,34,-1.0,0,0,unprofitable,0.0
2mm,1,3,1,1200.0,27.0,10.0,2.0,0.0,0.0,4.0,1.0,3.0,0.0,0.4444444,0.0,1,800.0,28.0,10.0,2.0,0.0,0.0,5.0,1.0,3.0,0.0,0.4285714,0.0,0,0,1.5,1,1,1,24,0.0,0,0,unprofitable,0.11
3mm,8,13,1,1000.0,65.0,24.0,7.0,1.0,1.0,3.0,0.0,11.0,1.0,0.4769231,2.0,1,1000.0,35.0,15.0,2.0,0.0,0.0,1.0,0.0,3.0,1.0,0.4857143,0.0,0,1,1.0,1,1,1,48,3.125,1,1,profitable,0.9833333333333333
2mm,9,10,1,1200.0,57.0,23.0,5.0,0.0,0.0,2.0,1.0,7.0,1.0,0.4912281,0.0,1,1100.0,35.0,15.0,2.0,0.0,0.0,1.0,0.0,3.0,1.0,0.4857143,0.0,1,0,1.0909090909090908,1,1,1,45,5.0,1,1,profitable,0.92
jacobi-2d,0,7,1,500.0,54.0,18.0,5.0,0.0,0.0,4.0,2.0,7.0,2.0,0.4259259,0.0,1,1300.0,41.0,15.0,3.0,0.0,0.0,5.0,0.0,9.0,2.0,0.4390244,0.0,0,0,0.3846153846153846,1,1,1,41,-1.0,0,0,unprofitable,0.04
atax,2,6,1,2100.0,19.0,7.0,2.0,3.0,1.0,1.0,2.0,3.0,0.0,0.4736842,4.0,1,2100.0,14.0,5.0,2.0,0.0,0.0,1.0,0.0,3.0,0.0,0.5,0.0,0,1,1.0,1,1,1,16,4.75,1,1,profitable,1.0
2mm,0,6,1,800.0,38.0,13.0,4.0,0.0,0.0,5.0,1.0,7.0,0.0,0.4473684,0.0,1,800.0,38.0,13.0,4.0,0.0,0.0,5.0,1.0,7.0,0.0,0.4473684,0.0,0,1,1.0,1,1,1,34,3.0,1,1,profitable,0.9566666666666667
3mm,5,15,1,1200.0,29.0,10.0,2.0,1.0,1.0,6.0,1.0,3.0,0.0,0.4137931,2.0,1,800.0,54.0,21.0,5.0,0.0,0.0,2.0,0.0,7.0,1.0,0.4814815,0.0,0,0,1.5,1,1,1,38,-0.8421052631578947,0,0,unprofitable,0.06333333333333334
atax,0,5,1,1900.0,38.0,13.0,4.0,0.0,0.0,5.0,1.0,7.0,0.0,0.4473684,0.0,1,2100.0,33.0,15.0,2.0,0.0,0.0,1.0,0.0,3.0,1.0,0.5151515,0.0,0,0,0.9047619047619048,1,1,1,34,1.0,0,0,unprofitable,0.03
gemm,7,8,1,1200.0,20.0,8.0,2.0,0.0,0.0,1.0,1.0,3.0,0.0,0.5,0.0,1,1000.0,48.0,19.0,4.0,0.0,0.0,2.0,1.0,7.0,1.0,0.4791667,0.0,1,0,1.2,1,1,1,33,5.0,1,1,profitable,0.88
3mm,11,18,1,900.0,65.0,24.0,7.0,0.0,0.0,3.0,0.0,11.0,1.0,0.4769231,0.0,1,1100.0,30.0,12.0,1.0,0.0,0.0,4.0,0.0,5.0,2.0,0.4333333,0.0,0,0,0.8181818181818182,1,1,1,44,1.0,0,0,unprofitable,0.006666666666666667
2mm,3,15,1,800.0,28.0,10.0,2.0,0.0,0.0,5.0,1.0,3.0,0.0,0.4285714,0.0,1,1200.0,30.0,12.0,1.0,0.0,0.0,4.0,0.0,5.0,2.0,0.4333333,0.0,0,0,0.6666666666666666,1,1,1,25,0.0,0,0,unprofitable,0.05
3mm,2,3,1,900.0,39.0,13.0,4.0,1.0,1.0,6.0,1.0,7.0,0.0,0.4358974,2.0,1,900.0,28.0,10.0,2.0,0.0,0.0,5.0,1.0,3.0,0.0,0.4285714,0.0,1,1,1.0,1,1,1,29,7.206896551724139,1,1,profitable,0.9966666666666667
gemm,0,8,1,1000.0,38.0,13.0,4.0,0.0,0.0,5.0,1.0,7.0,0.0,0.4473684,0.0,1,1000.0,48.0,19.0,4.0,0.0,0.0,2.0,1.0,7.0,1.0,0.4791667,0.0,0,1,1.0,1,1,1,40,3.0,1,1,profitable,0.98
gemm,3,9,1,1100.0,27.0,10.0,2.0,3.0,1.0,4.0,1.0,3.0,0.0,0.4444444,4.0,1,1100.0,37.0,16.0,2.0,0.0,0.0,1.0,1.0,3.0,1.0,0.4864865,0.0,0,1,1.0,1,1,1,30,4.4,1,1,profitable,0.9966666666666667
2mm,11,13,1,900.0,67.0,25.0,7.0,0.0,0.0,3.0,1.0,11.0,1.0,0.4776119,0.0,1,1100.0,37.0,16.0,2.0,0.0,0.0,1.0,1.0,3.0,1.0,0.4864865,0.0,0,0,0.8181818181818182,1,1,1,50,1.0,0,0,unprofitable,0.03
3mm,9,15,1,1200.0,54.0,21.0,5.0,0.0,0.0,2.0,0.0,7.0,1.0,0.4814815,0.0,1,800.0,54.0,21.0,5.0,0.0,0.0,2.0,0.0,7.0,1.0,0.4814815,0.0,0,0,1.5,1,1,1,52,-1.0,0,0,unprofitable,0.006666666666666667
3mm,5,11,1,1200.0,29.0,10.0,2.0,1.0,1.0,6.0,1.0,3.0,0.0,0.4137931,2.0,1,900.0,65.0,24.0,7.0,0.0,0.0,3.0,0.0,11.0,1.0,0.4769231,0.0,0,0,1.3333333333333333,1,1,1,43,-0.86046511627907,0,0,unprofitable,0.043333333333333335
3mm,0,9,1,800.0,40.0,13.0,4.0,0.0,0.0,7.0,1.0,7.0,0.0,0.425,0.0,1,1200.0,54.0,21.0,5.0,0.0,0.0,2.0,0.0,7.0,1.0,0.4814815,0.0,0,0,0.6666666666666666,1,1,1,43,-1.0,0,0,unprofitable,0.0
gemm,3,11,1,1100.0,27.0,10.0,2.0,3.0,1.0,4.0,1.0,3.0,0.0,0.4444444,4.0,1,1100.0,30.0,12.0,1.0,0.0,0.0,4.0,0.0,5.0,2.0,0.4333333,0.0,0,1,1.0,1,1,1,25,4.48,1,1,profitable,0.9933333333333333
3mm,11,17,1,900.0,65.0,24.0,7.0,0.0,0.0,3.0,0.0,11.0,1.0,0.4769231,0.0,1,800.0,41.0,15.0,3.0,0.0,0.0,5.0,0.0,9.0,2.0,0.4390244,0.0,0,0,1.125,1,1,1,49,1.0,0,0,unprofitable,0.006666666666666667
3mm,5,9,1,1200.0,29.0,10.0,2.0,1.0,1.0,6.0,1.0,3.0,0.0,0.4137931,2.0,1,1200.0,54.0,21.0,5.0,0.0,0.0,2.0,0.0,7.0,1.0,0.4814815,0.0,0,1,1.0,1,1,1,38,3.1578947368421053,1,1,profitable,0.9866666666666667
gemm,4,5,1,1200.0,38.0,13.0,4.0,0.0,0.0,5.0,1.0,7.0,0.0,0.4473684,0.0,1,1100.0,27.0,10.0,2.0,0.0,0.0,4.0,1.0,3.0,0.0,0.4444444,0.0,1,0,1.0909090909090908,1,1,1,29,5.0,1,1,profitable,0.9433333333333334
2mm,1,6,1,1200.0,27.0,10.0,2.0,0.0,0.0,4.0,1.0,3.0,0.0,0.4444444,0.0,1,800.0,38.0,13.0,4.0,0.0,0.0,5.0,1.0,7.0,0.0,0.4473684,0.0,0,0,1.5,1,1,1,29,-1.0,0,0,unprofitable,0.06
jacobi-2d,5,6,1,1300.0,79.0,29.0,4.0,0.0,0.0,8.0,5.0,7.0,0.0,0.4177215,0.0,1,1300.0,67.0,26.0,2.0,0.0,0.0,6.0,5.0,3.0,0.0,0.4179104,0.0,1,1,1.0,1,1,1,61,7.0,1,1,profitable,0.96
gemm,0,2,1,1000.0,38.0,13.0,4.0,0.0,0.0,5.0,1.0,7.0,0.0,0.4473684,0.0,1,1200.0,38.0,13.0,4.0,0.0,0.0,5.0,1.0,7.0,0.0,0.4473684,0.0,0,0,0.8333333333333334,1,1,1,34,1.0,0,0,unprofitable,0.01
gemm,2,4,1,1200.0,38.0,13.0,4.0,0.0,0.0,5.0,1.0,7.0,0.0,0.4473684,0.0,1,1200.0,38.0,13.0,4.0,0.0,0.0,5.0,1.0,7.0,0.0,0.4473684,0.0,0,1,1.0,1,1,1,34,3.0,1,1,profitable,0.9366666666666666
jacobi-2d,6,8,1,1300.0,67.0,26.0,2.0,0.0,0.0,6.0,5.0,3.0,0.0,0.4179104,0.0,1,1300.0,30.0,12.0,1.0,0.0,0.0,4.0,0.0,5.0,2.0,0.4333333,0.0,0,1,1.0,1,1,1,41,3.0,1,1,profitable,0.9733333333333334
3mm,2,11,1,900.0,39.0,13.0,4.0,1.0,1.0,6.0,1.0,7.0,0.0,0.4358974,2.0,1,900.0,65.0,24.0,7.0,0.0,0.0,3.0,0.0,11.0,1.0,0.4769231,0.0,0,1,1.0,1,1,1,48,3.125,1,1,profitable,0.99
2mm,10,12,1,1100.0,35.0,15.0,2.0,0.0,0.0,1.0,0.0,3.0,1.0,0.4857143,0.0,1,800.0,56.0,22.0,5.0,0.0,0.0,2.0,1.0,7.0,1.0,0.4821429,0.0,0,0,1.375,1,1,1,44,-1.0,0,0,unprofitable,0.01
3mm,9,14,1,1200.0,54.0,21.0,5.0,0.0,0.0,2.0,0.0,7.0,1.0,0.4814815,0.0,1,900.0,65.0,24.0,7.0,0.0,0.0,3.0,0.0,11.0,1.0,0.4769231,0.0,0,0,1.3333333333333333,1,1,1,57,-1.0,0,0,unprofitable,0.006666666666666667
jacobi-2d,5,7,1,1300.0,79.0,29.0,4.0,0.0,0.0,8.0,5.0,7.0,0.0,0.4177215,0.0,1,1300.0,41.0,15.0,3.0,0.0,0.0,5.0,0.0,9.0,2.0,0.4390244,0.0,0,1,1.0,1,1,1,51,3.0,1,1,profitable,0.9666666666666667
jacobi-2d,7,8,1,1300.0,41.0,15.0,3.0,0.0,0.0,5.0,0.0,9.0,2.0,0.4390244,0.0,1,1300.0,30.0,12.0,1.0,0.0,0.0,4.0,0.0,5.0,2.0,0.4333333,0.0,1,1,1.0,1,1,1,31,7.0,1,1,profitable,0.9933333333333333
jacobi-2d,4,5,1,1298.0,67.0,26.0,2.0,5.0,1.0,6.0,5.0,3.0,0.0,0.4179104,6.0,1,1300.0,79.0,29.0,4.0,0.0,0.0,8.0,5.0,7.0,0.0,0.4177215,0.0,1,0,0.9984615384615384,1,1,1,61,5.295081967213115,1,1,profitable,0.9233333333333333
2mm,5,13,1,1100.0,27.0,10.0,2.0,1.0,1.0,4.0,1.0,3.0,0.0,0.4444444,2.0,1,1100.0,37.0,16.0,2.0,0.0,0.0,1.0,1.0,3.0,1.0,0.4864865,0.0,0,1,1.0,1,1,1,30,4.2,1,1,profitable,0.9966666666666667
2mm,7,12,1,1200.0,27.0,10.0,2.0,0.0,0.0,4.0,1.0,3.0,0.0,0.4444444,0.0,1,800.0,56.0,22.0,5.0,0.0,0.0,2.0,1.0,7.0,1.0,0.4821429,0.0,0,0,1.5,1,1,1,39,-1.0,0,0,unprofitable,0.006666666666666667
3mm,11,13,1,900.0,65.0,24.0,7.0,0.0,0.0,3.0,0.0,11.0,1.0,0.4769231,0.0,1,1000.0,35.0,15.0,2.0,0.0,0.0,1.0,0.0,3.0,1.0,0.4857143,0.0,0,0,0.9,1,1,1,48,1.0,0,0,unprofitable,0.006666666666666667
2mm,2,3,1,900.0,39.0,13.0,4.0,1.0,1.0,6.0,1.0,7.0,0.0,0.4358974,2.0,1,800.0,28.0,10.0,2.0,0.0,0.0,5.0,1.0,3.0,0.0,0.4285714,0.0,1,0,1.125,1,1,1,29,5.206896551724139,1,1,profitable,0.9433333333333334
gemm,0,11,1,1000.0,38.0,13.0,4.0,0.0,0.0,5.0,1.0,7.0,0.0,0.4473684,0.0,1,1100.0,30.0,12.0,1.0,0.0,0.0,4.0,0.0,5.0,2.0,0.4333333,0.0,0,0,0.9090909090909092,1,1,1,30,1.0,0,0,unprofitable,0.0033333333333333335
jacobi-2d,1,4,1,1298.0,43.0,15.0,3.0,0.0,0.0,3.0,2.0,3.0,2.0,0.4186047,0.0,1,1298.0,67.0,26.0,2.0,5.0,1.0,6.0,5.0,3.0,0.0,0.4179104,6.0,0,1,1.0,1,1,1,46,3.391304347826087,1,1,profitable,0.9633333333333334
3mm,9,11,1,1200.0,54.0,21.0,5.0,0.0,0.0,2.0,0.0,7.0,1.0,0.4814815,0.0,1,900.0,65.0,24.0,7.0,0.0,0.0,3.0,0.0,11.0,1.0,0.4769231,0.0,0,0,1.3333333333333333,1,1,1,57,-1.0,0,0,unprofitable,0.006666666666666667
3mm,0,16,1,800.0,40.0,13.0,4.0,0.0,0.0,7.0,1.0,7.0,0.0,0.425,0.0,1,1000.0,35.0,15.0,2.0,0.0,0.0,1.0,0.0,3.0,1.0,0.4857143,0.0,0,0,0.8,1,1,1,34,1.0,0,0,unprofitable,0.006666666666666667
3mm,12,15,1,1200.0,54.0,21.0,5.0,0.0,0.0,2.0,0.0,7.0,1.0,0.4814815,0.0,1,800.0,54.0,21.0,5.0,0.0,0.0,2.0,0.0,7.0,1.0,0.4814815,0.0,0,0,1.5,1,1,1,52,-1.0,0,0,unprofitable,0.006666666666666667
2mm,3,9,1,800.0,28.0,10.0,2.0,0.0,0.0,5.0,1.0,3.0,0.0,0.4285714,0.0,1,1200.0,57.0,23.0,5.0,0.0,0.0,2.0,1.0,7.0,1.0,0.4912281,0.0,0,0,0.6666666666666666,1,1,1,40,-1.0,0,0,unprofitable,0.06666666666666667
2mm,7,15,1,1200.0,27.0,10.0,2.0,0.0,0.0,4.0,1.0,3.0,0.0,0.4444444,0.0,1,1200.0,30.0,12.0,1.0,0.0,0.0,4.0,0.0,5.0,2.0,0.4333333,0.0,0,1,1.0,1,1,1,25,4.0,1,1,profitable,0.9966666666666667
atax,1,4,1,2100.0,27.0,10.0,2.0,2.0,1.0,4.0,1.0,3.0,0.0,0.4444444,3.0,1,2100.0,33.0,15.0,2.0,0.0,0.0,1.0,0.0,3.0,1.0,0.5151515,0.0,0,1,1.0,1,1,1,29,4.310344827586207,1,1,profitable,0.9933333333333333
gemm,9,11,1,1100.0,37.0,16.0,2.0,0.0,0.0,1.0,1.0,3.0,1.0,0.4864865,0.0,1,1100.0,30.0,12.0,1.0,0.0,0.0,4.0,0.0,5.0,2.0,0.4333333,0.0,0,1,1.0,1,1,1,31,3.0,1,1,profitable,0.9833333333333333
atax,1,6,1,2100.0,27.0,10.0,2.0,2.0,1.0,4.0,1.0,3.0,0.0,0.4444444,3.0,1,2100.0,14.0,5.0,2.0,0.0,0.0,1.0,0.0,3.0,0.0,0.5,0.0,0,1,1.0,1,1,1,19,4.473684210526316,1,1,profitable,0.9966666666666667
3mm,1,6,1,1100.0,29.0,10.0,2.0,0.0,0.0,6.0,1.0,3.0,0.0,0.4137931,0.0,1,800.0,39.0,13.0,4.0,0.0,0.0,6.0,1.0,7.0,0.0,0.4358974,0.0,0,0,1.375,1,1,1,29,-1.0,0,0,unprofitable,0.11333333333333333
jacobi-2d,3,8,1,1298.0,79.0,29.0,4.0,0.0,0.0,8.0,5.0,7.0,0.0,0.4177215,0.0,1,1300.0,30.0,12.0,1.0,0.0,0.0,4.0,0.0,5.0,2.0,0.4333333,0.0,0,0,0.9984615384615384,1,1,1,46,1.0,0,0,unprofitable,0.043333333333333335
2mm,9,12,1,1200.0,57.0,23.0,5.0,0.0,0.0,2.0,1.0,7.0,1.0,0.4912281,0.0,1,800.0,56.0,22.0,5.0,0.0,0.0,2.0,1.0,7.0,1.0,0.4821429,0.0,0,0,1.5,1,1,1,55,-1.0,0,0,unprofitable,0.0033333333333333335
jacobi-2d,0,2,1,500.0,54.0,18.0,5.0,0.0,0.0,4.0,2.0,7.0,2.0,0.4259259,0.0,1,1298.0,171.0,61.0,11.0,5.0,1.0,17.0,10.0,19.0,0.0,0.4210526,6.0,0,0,0.3852080123266564,1,1,1,95,-0.8105263157894735,0,0,unprofitable,0.07666666666666666
2mm,0,15,1,800.0,38.0,13.0,4.0,0.0,0.0,5.0,1.0,7.0,0.0,0.4473684,0.0,1,1200.0,30.0,12.0,1.0,0.0,0.0,4.0,0.0,5.0,2.0,0.4333333,0.0,0,0,0.6666666666666666,1,1,1,30,-1.0,0,0,unprofitable,0.0
2mm,9,11,1,1200.0,57.0,23.0,5.0,0.0,0.0,2.0,1.0,7.0,1.0,0.4912281,0.0,1,900.0,67.0,25.0,7.0,0.0,0.0,3.0,1.0,11.0,1.0,0.4776119,0.0,0,0,1.3333333333333333,1,1,1,60,-1.0,0,0,unprofitable,0.05
3mm,0,12,1,800.0,40.0,13.0,4.0,0.0,0.0,7.0,1.0,7.0,0.0,0.425,0.0,1,1200.0,54.0,21.0,5.0,0.0,0.0,2.0,0.0,7.0,1.0,0.4814815,0.0,0,0,0.6666666666666666,1,1,1,43,-1.0,0,0,unprofitable,0.0
gemm,0,4,1,1000.0,38.0,13.0,4.0,0.0,0.0,5.0,1.0,7.0,0.0,0.4473684,0.0,1,1200.0,38.0,13.0,4.0,0.0,0.0,5.0,1.0,7.0,0.0,0.4473684,0.0,0,0,0.8333333333333334,1,1,1,34,1.0,0,0,unprofitable,0.01
2mm,5,10,1,1100.0,27.0,10.0,2.0,1.0,1.0,4.0,1.0,3.0,0.0,0.4444444,2.0,1,1100.0,35.0,15.0,2.0,0.0,0.0,1.0,0.0,3.0,1.0,0.4857143,0.0,0,1,1.0,1,1,1,29,4.206896551724138,1,1,profitable,0.9966666666666667
gemm,3,5,1,1100.0,27.0,10.0,2.0,3.0,1.0,4.0,1.0,3.0,0.0,0.4444444,4.0,1,1100.0,27.0,10.0,2.0,0.0,0.0,4.0,1.0,3.0,0.0,0.4444444,0.0,0,1,1.0,1,1,1,24,4.5,1,1,profitable,1.0
jacobi-2d,1,3,1,1298.0,43.0,15.0,3.0,0.0,0.0,3.0,2.0,3.0,2.0,0.4186047,0.0,1,1298.0,79.0,29.0,4.0,0.0,0.0,8.0,5.0,7.0,0.0,0.4177215,0.0,0,1,1.0,1,1,1,51,3.0,1,1,profitable,0.9533333333333334
3mm,7,8,1,900.0,28.0,10.0,2.0,0.0,0.0,5.0,1.0,3.0,0.0,0.4285714,0.0,1,1000.0,65.0,24.0,7.0,1.0,1.0,3.0,0.0,11.0,1.0,0.4769231,2.0,1,0,0.9,1,1,1,43,5.1395348837209305,1,1,profitable,0.9266666666666666
gemm,1,11,1,1100.0,27.0,10.0,2.0,1.0,1.0,4.0,1.0,3.0,0.0,0.4444444,2.0,1,1100.0,30.0,12.0,1.0,0.0,0.0,4.0,0.0,5.0,2.0,0.4333333,0.0,0,1,1.0,1,1,1,25,4.24,1,1,profitable,0.9933333333333333
2mm,12,15,1,800.0,56.0,22.0,5.0,0.0,0.0,2.0,1.0,7.0,1.0,0.4821429,0.0,1,1200.0,30.0,12.0,1.0,0.0,0.0,4.0,0.0,5.0,2.0,0.4333333,0.0,0,0,0.6666666666666666,1,1,1,40,-1.0,0,0,unprofitable,0.03
2mm,8,10,1,900.0,68.0,26.0,7.0,0.0,0.0,3.0,1.0,11.0,1.0,0.4852941,0.0,1,1100.0,35.0,15.0,2.0,0.0,0.0,1.0,0.0,3.0,1.0,0.4857143,0.0,0,0,0.8181818181818182,1,1,1,50,1.0,0,0,unprofitable,0.006666666666666667
2mm,1,12,1,1200.0,27.0,10.0,2.0,0.0,0.0,4.0,1.0,3.0,0.0,0.4444444,0.0,1,800.0,56.0,22.0,5.0,0.0,0.0,2.0,1.0,7.0,1.0,0.4821429,0.0,0,0,1.5,1,1,1,39,-1.0,0,0,unprofitable,0.006666666666666667
2mm,5,14,1,1100.0,27.0,10.0,2.0,1.0,1.0,4.0,1.0,3.0,0.0,0.4444444,2.0,1,800.0,41.0,15.0,3.0,0.0,0.0,5.0,0.0,9.0,2.0,0.4390244,0.0,0,0,1.375,1,1,1,30,-0.7999999999999998,0,0,unprofitable,0.09
2mm,5,12,1,1100.0,27.0,10.0,2.0,1.0,1.0,4.0,1.0,3.0,0.0,0.4444444,2.0,1,800.0,56.0,22.0,5.0,0.0,0.0,2.0,1.0,7.0,1.0,0.4821429,0.0,0,0,1.375,1,1,1,39,-0.8461538461538463,0,0,unprofitable,0.10666666666666667
gemm,2,10,1,1200.0,38.0,13.0,4.0,0.0,0.0,5.0,1.0,7.0,0.0,0.4473684,0.0,1,1000.0,41.0,15.0,3.0,0.0,0.0,5.0,0.0,9.0,2.0,0.4390244,0.0,0,0,1.2,1,1,1,35,1.0,0,0,unprofitable,0.05
2mm,10,11,1,1100.0,35.0,15.0,2.0,0.0,0.0,1.0,0.0,3.0,1.0,0.4857143,0.0,1,900.0,67.0,25.0,7.0,0.0,0.0,3.0,1.0,11.0,1.0,0.4776119,0.0,1,0,1.2222222222222223,1,1,1,49,5.0,1,1,profitable,0.9633333333333334
3mm,14,18,1,900.0,65.0,24.0,7.0,0.0,0.0,3.0,0.0,11.0,1.0,0.4769231,0.0,1,1100.0,30.0,12.0,1.0,0.0,0.0,4.0,0.0,5.0,2.0,0.4333333,0.0,0,0,0.8181818181818182,1,1,1,44,1.0,0,0,unprofitable,0.006666666666666667
3mm,1,15,1,1100.0,29.0,10.0,2.0,0.0,0.0,6.0,1.0,3.0,0.0,0.4137931,0.0,1,800.0,54.0,21.0,5.0,0.0,0.0,2.0,0.0,7.0,1.0,0.4814815,0.0,0,0,1.375,1,1,1,38,-1.0,0,0,unprofitable,0.02
atax,5,6,1,2100.0,33.0,15.0,2.0,0.0,0.0,1.0,0.0,3.0,1.0,0.5151515,0.0,1,2100.0,14.0,5.0,2.0,0.0,0.0,1.0,0.0,3.0,0.0,0.5,0.0,1,1,1.0,1,1,1,24,8.0,1,1,profitable,0.99
atax,2,4,1,2100.0,19.0,7.0,2.0,3.0,1.0,1.0,2.0,3.0,0.0,0.4736842,4.0,1,2100.0,33.0,15.0,2.0,0.0,0.0,1.0,0.0,3.0,1.0,0.5151515,0.0,0,1,1.0,1,1,1,26,4.461538461538462,1,1,profitable,1.0
2mm,4,13,1,900.0,38.0,13.0,4.0,0.0,0.0,5.0,1.0,7.0,0.0,0.4473684,0.0,1,1100.0,37.0,16.0,2.0,0.0,0.0,1.0,1.0,3.0,1.0,0.4864865,0.0,0,0,0.8181818181818182,1,1,1,35,1.0,0,0,unprofitable,0.0033333333333333335
3mm,0,13,1,800.0,40.0,13.0,4.0,0.0,0.0,7.0,1.0,7.0,0.0,0.425,0.0,1,1000.0,35.0,15.0,2.0,0.0,0.0,1.0,0.0,3.0,1.0,0.4857143,0.0,0,0,0.8,1,1,1,34,1.0,0,0,unprofitable,0.006666666666666667
2mm,6,8,1,800.0,38.0,13.0,4.0,0.0,0.0,5.0,1.0,7.0,0.0,0.4473684,0.0,1,900.0,68.0,26.0,7.0,0.0,0.0,3.0,1.0,11.0,1.0,0.4852941,0.0,0,0,0.8888888888888888,1,1,1,50,1.0,0,0,unprofitable,0.03333333333333333
gemm,0,10,1,1000.0,38.0,13.0,4.0,0.0,0.0,5.0,1.0,7.0,0.0,0.4473684,0.0,1,1000.0,41.0,15.0,3.0,0.0,0.0,5.0,0.0,9.0,2.0,0.4390244,0.0,0,1,1.0,1,1,1,35,3.0,1,1,profitable,0.9733333333333334
2mm,6,14,1,800.0,38.0,13.0,4.0,0.0,0.0,5.0,1.0,7.0,0.0,0.4473684,0.0,1,800.0,41.0,15.0,3.0,0.0,0.0,5.0,0.0,9.0,2.0,0.4390244,0.0,0,1,1.0,1,1,1,35,3.0,1,1,profitable,0.95
2mm,12,13,1,800.0,56.0,22.0,5.0,0.0,0.0,2.0,1.0,7.0,1.0,0.4821429,0.0,1,1100.0,37.0,16.0,2.0,0.0,0.0,1.0,1.0,3.0,1.0,0.4864865,0.0,1,0,0.7272727272727273,1,1,1,45,3.0,1,1,profitable,0.94
jacobi-2d,0,1,1,500.0,54.0,18.0,5.0,0.0,0.0,4.0,2.0,7.0,2.0,0.4259259,0.0,1,1298.0,43.0,15.0,3.0,0.0,0.0,3.0,2.0,3.0,2.0,0.4186047,0.0,1,0,0.3852080123266564,1,1,1,41,3.0,1,1,profitable,0.86
2mm,7,14,1,1200.0,27.0,10.0,2.0,0.0,0.0,4.0,1.0,3.0,0.0,0.4444444,0.0,1,800.0,41.0,15.0,3.0,0.0,0.0,5.0,0.0,9.0,2.0,0.4390244,0.0,0,0,1.5,1,1,1,30,-1.0,0,0,unprofitable,0.01
3mm,5,6,1,1200.0,29.0,10.0,2.0,1.0,1.0,6.0,1.0,3.0,0.0,0.4137931,2.0,1,800.0,39.0,13.0,4.0,0.0,0.0,6.0,1.0,7.0,0.0,0.4358974,0.0,1,0,1.5,1,1,1,29,3.206896551724138,1,1,profitable,0.8666666666666667
2mm,7,11,1,1200.0,27.0,10.0,2.0,0.0,0.0,4.0,1.0,3.0,0.0,0.4444444,0.0,1,900.0,67.0,25.0,7.0,0.0,0.0,3.0,1.0,11.0,1.0,0.4776119,0.0,0,0,1.3333333333333333,1,1,1,44,-1.0,0,0,unprofitable,0.02666666666666667
2mm,6,9,1,800.0,38.0,13.0,4.0,0.0,0.0,5.0,1.0,7.0,0.0,0.4473684,0.0,1,1200.0,57.0,23.0,5.0,0.0,0.0,2.0,1.0,7.0,1.0,0.4912281,0.0,0,0,0.6666666666666666,1,1,1,45,-1.0,0,0,unprofitable,0.0033333333333333335
3mm,13,16,1,1000.0,35.0,15.0,2.0,0.0,0.0,1.0,0.0,3.0,1.0,0.4857143,0.0,1,1000.0,35.0,15.0,2.0,0.0,0.0,1.0,0.0,3.0,1.0,0.4857143,0.0,0,1,1.0,1,1,1,34,3.0,1,1,profitable,0.9133333333333333
2mm,0,10,1,800.0,38.0,13.0,4.0,0.0,0.0,5.0,1.0,7.0,0.0,0.4473684,0.0,1,1100.0,35.0,15.0,2.0,0.0,0.0,1.0,0.0,3.0,1.0,0.4857143,0.0,0,0,0.7272727272727273,1,1,1,34,-1.0,0,0,unprofitable,0.0
2mm,4,5,1,900.0,38.0,13.0,4.0,0.0,0.0,5.0,1.0,7.0,0.0,0.4473684,0.0,1,1100.0,27.0,10.0,2.0,1.0,1.0,4.0,1.0,3.0,0.0,0.4444444,2.0,1,0,0.8181818181818182,1,1,1,29,5.206896551724139,1,1,profitable,0.9166666666666666
3mm,5,17,1,1200.0,29.0,10.0,2.0,1.0,1.0,6.0,1.0,3.0,0.0,0.4137931,2.0,1,800.0,41.0,15.0,3.0,0.0,0.0,5.0,0.0,9.0,2.0,0.4390244,0.0,0,0,1.5,1,1,1,30,-0.7999999999999998,0,0,unprofitable,0.043333333333333335
3mm,1,18,1,1100.0,29.0,10.0,2.0,0.0,0.0,6.0,1.0,3.0,0.0,0.4137931,0.0,1,1100.0,30.0,12.0,1.0,0.0,0.0,4.0,0.0,5.0,2.0,0.4333333,0.0,0,1,1.0,1,1,1,25,4.0,1,1,profitable,0.95
2mm,4,11,1,900.0,38.0,13.0,4.0,0.0,0.0,5.0,1.0,7.0,0.0,0.4473684,0.0,1,900.0,67.0,25.0,7.0,0.0,0.0,3.0,1.0,11.0,1.0,0.4776119,0.0,0,1,1.0,1,1,1,49,3.0,1,1,profitable,0.98
atax,2,3,1,2100.0,19.0,7.0,2.0,3.0,1.0,1.0,2.0,3.0,0.0,0.4736842,4.0,1,1900.0,84.0,35.0,8.0,0.0,0.0,3.0,0.0,11.0,2.0,0.5119048,0.0,1,0,1.105263157894737,1,1,1,52,5.23076923076923,1,1,profitable,0.9433333333333334
2mm,0,3,1,800.0,38.0,13.0,4.0,0.0,0.0,5.0,1.0,7.0,0.0,0.4473684,0.0,1,800.0,28.0,10.0,2.0,0.0,0.0,5.0,1.0,3.0,0.0,0.4285714,0.0,0,1,1.0,1,1,1,29,3.0,1,1,profitable,0.91
3mm,5,7,1,1200.0,29.0,10.0,2.0,1.0,1.0,6.0,1.0,3.0,0.0,0.4137931,2.0,1,900.0,28.0,10.0,2.0,0.0,0.0,5.0,1.0,3.0,0.0,0.4285714,0.0,0,0,1.3333333333333333,1,1,1,24,0.25,0,0,unprofitable,0.22666666666666666
gemm,0,6,1,1000.0,38.0,13.0,4.0,0.0,0.0,5.0,1.0,7.0,0.0,0.4473684,0.0,1,1000.0,81.0,30.0,9.0,0.0,0.0,4.0,2.0,15.0,1.0,0.4814815,0.0,0,1,1.0,1,1,1,56,3.0,1,1,profitable,0.9766666666666667
